Feature,Importance
smoker,0.9020347
bmi,0.0442514
age,0.036724243
children,0.008018932
region,0.0060204472
sex,0.002950294
